model,region,blocks,RMSE,RMSE block std,RMSE pooled,MAE,sMAPE,RMSE step 1,RMSE step 6,RMSE step 24,RMSE step 168
train mean,val,175,85.8757343542405,48.80921358008617,98.7774320438963,70.10232607325372,71.15570257113117,105.7442774904284,92.42738848040536,107.31208931958068,107.21914405633825
train median,val,175,86.5912345113289,57.13153408964871,103.7403204237998,68.22122448979592,71.10537453826238,112.35637180736252,98.50224072868306,114.56688626549746,114.41977851003608
persistence (last value),val,175,105.55856635043543,71.69330860416576,127.60306198744381,87.75074829931972,80.20505566740222,19.445748709091735,57.760639094208685,107.57793188461761,136.00689058174328
window mean,val,175,90.05203465742495,50.735808133111846,103.36097509631962,74.34973760932945,71.55031873924248,100.52254786752125,91.87341508012851,107.90083241838694,113.41933801261705
seasonal naive (24),val,175,109.66901696328749,63.38160732324157,126.66697055101392,88.81537414965986,84.78124587876219,110.14865280286325,103.44621791056453,107.57793188461761,136.00689058174328
train mean,test,175,81.59776315620205,34.951622213496556,88.76829866258917,68.32668032119501,79.29260273708147,92.28155417313424,81.24682410522688,96.40101944006099,97.4226446059886
train median,test,175,79.3168633166806,43.110124247682535,90.27539874765228,63.03,77.02243279275531,97.2154602637138,81.7881933498263,101.46329385546282,102.82059271232725
persistence (last value),test,175,104.52427398466153,63.918037639890905,122.51873076291275,87.0604761904762,89.16701647724587,21.45120709224275,69.41387263570384,108.0547215865316,135.1095640053445
window mean,test,175,86.631930545492,41.97096415309421,96.26345735521484,71.85645732102364,81.18825651194523,89.40065168953618,84.86241922066067,101.21359843868967,106.53293026100783
seasonal naive (24),test,175,105.4119940866772,56.75777814732845,119.72106697465998,85.40306122448979,93.54757388976644,101.73770195949974,88.83027154555559,108.0547215865316,135.1095640053445
covariate ridge (78 params),val,175,62.89252860826068,33.20342497485207,71.1191787410507,48.637422084349126,63.06791152215332,40.610509715620545,47.83419657030223,77.12144230819298,84.33777562040883
covariate ridge (78 params),test,175,55.277765756610066,22.528147506323705,59.6921168757595,43.075934111658945,62.341967100730606,31.214350592774554,47.19604827767487,65.50151139803353,72.14410441436556
