config,seed,parameters,epochs run,best epoch,seconds,val RMSE,val MAE,val sMAPE,test RMSE,test MAE,test sMAPE,last block RMSE,last block MAE,last block sMAPE
base,0,23489,4,1,45.6,72.50630292831458,58.77271451525368,64.92178451142007,62.45700121568171,50.66147837749115,68.10578848673462,38.078916596240745,29.551743672268096,72.10742067751251
base,1,23489,7,4,75.5,71.43301044436562,58.0842277649644,64.41430307039546,63.14959298623634,51.6660502584957,69.81953318219131,37.60843374681723,30.220016272994258,66.84234422918095
base,2,23489,6,3,65.2,68.62773759022016,54.94066169028646,62.03245102868035,59.743160711928816,48.169151028726866,66.20172061754303,36.09457697722793,26.183721707320643,71.7888657738676
base,3,23489,6,3,64.6,70.00793074926459,57.03466737793342,64.95574495381766,62.268906744661166,50.547002060579004,71.36771930313488,41.90444640017833,34.43504347977011,69.75122988676897
base,4,23489,4,1,42.4,69.21310014592612,55.67411037926376,64.72999520329546,60.3119901580167,48.737785119409544,66.83507340167344,44.42401345308902,35.26381864819141,71.09508700436574
exog: past only,0,23489,4,1,41.9,91.48163223758459,75.95321724359616,72.18400834734864,84.61448554512548,70.52232599665474,80.01423581331287,67.09949865346307,57.659279508965156,94.12013151183281
exog: past only,1,23489,4,1,43.3,93.49325767553904,78.90898716440981,74.2759032664156,88.8573892083798,75.92610358179671,81.9717035443583,70.89594663677514,60.31361355510995,94.37583691119124
exog: past only,2,23489,4,1,42.6,91.01469221245307,76.05357423260357,72.34206977731316,85.89415168516541,72.57486575278018,80.58660132344775,71.95137974866363,61.325361555691316,97.29550393404958
exog: past only,3,23489,4,1,42.9,94.10335469464653,79.06511399221283,73.88058617137017,86.18360887222035,73.04565898714533,80.83552703435818,68.3981966295268,59.44854559410677,92.70009336516051
exog: past only,4,23489,5,2,53.1,88.40914894044272,73.31869326534246,71.38153271784819,83.35960756976792,70.58870169229978,79.6442440118422,76.71502320773739,67.5745490891624,98.34854192408193
exog: none,0,21569,4,1,42.6,91.16961668133091,76.40208732115552,72.2671522516855,90.63294959664836,77.98273817160742,82.57112145820504,67.77398566766655,58.61211334404696,93.74722080035089
exog: none,1,21569,4,1,43.9,89.41656703588184,74.5120550412714,70.94822393005606,88.6628879672324,75.71097813964205,81.45877477611826,66.4220081154567,57.312871789503596,93.50984775728554
exog: none,2,21569,4,1,44.8,88.81803943720662,74.37525246088654,70.77296834630383,89.05639672025985,76.24060872060359,81.93853970714028,62.240354178204484,50.600097842736645,87.11408051614204
exog: none,3,21569,4,1,44.1,89.40396773575144,74.58789952778199,71.17436662285908,88.99324255356184,75.76030650756701,81.52629529663506,67.07636293046517,55.21481942618726,93.23921595427697
exog: none,4,21569,7,4,75.0,86.82474314608044,71.9153902488552,70.02724985059989,84.56018846108552,71.45813681456795,79.90740300859717,71.62167525192613,56.502264471377096,95.93464911350331
drop A,0,23297,4,1,44.9,72.67779575062498,58.95567137973186,67.01945437261841,66.53833850558901,51.744025430773334,74.32224821972471,44.79821600079879,33.477698913512334,87.68683148699394
drop A,1,23297,9,6,99.3,79.7681345426914,64.96645834023697,71.77107136699796,68.10361407141222,54.30164188602534,75.76866196572543,51.395761086344315,39.03523763105433,110.96592781567185
drop A,2,23297,7,4,76.9,77.97965338196309,64.79430228180128,68.69364383027057,71.17409496701805,57.87534357629949,73.94715530594576,45.071497741281604,36.421557945557076,102.46522321882598
drop B,0,23297,5,2,53.8,68.80794001088181,55.12552481549935,63.39030727256858,58.0859392446216,45.73698227991261,65.65157727098475,42.369029135237746,34.79278093105169,68.11233555933211
drop B,1,23297,4,1,42.7,73.10570077398403,59.737800259391875,65.10432428563924,64.6604938498075,52.910028889370295,68.83502745203998,37.5324034743372,29.870888863033148,83.73538992362248
drop B,2,23297,6,3,64.5,72.31497456936707,59.371861325062,65.50091025397825,64.65309570254477,52.68654610106712,70.05101725372914,38.56529541669114,30.32603149444538,89.99271705830027
drop C,0,23297,5,2,55.3,70.10468062713412,57.101582265929686,66.13893010479066,58.69964798967406,46.28208713085033,68.72623420730874,45.272879815990464,37.230843365893776,71.84921675052287
drop C,1,23297,9,6,98.8,67.63245633299047,53.38299823871037,65.1474368525439,57.77380373723416,45.62532075726453,68.9080506237053,41.33274673697357,33.32137964499446,67.77197652565428
drop C,2,23297,7,4,76.4,74.16213710453968,60.984092104459485,65.81923281591095,62.061454981440576,50.64314357322293,68.83722141257749,41.88197205964153,33.14326307023027,91.47682004153432
drop D+GHIJ,0,22529,5,2,54.1,70.67951486879352,57.0263225428173,66.45550024931205,61.80867746747765,50.538975765736765,68.28440410583839,36.93628177113725,30.592945374796606,65.07198307736657
drop D+GHIJ,1,22529,4,1,43.8,79.56138747982133,65.14572843701613,69.8860097199066,75.4149309693063,64.41130179595538,75.0435280718451,45.496662098521014,36.00417208476131,67.93519203905676
drop D+GHIJ,2,22529,7,4,76.9,74.41820479189002,60.6425502120031,67.85775926685201,60.839173261561974,49.18095766813924,67.45828516306487,43.52040813602133,37.46043773010748,73.88633182503807
drop E+F,0,23105,4,1,35.3,71.82412414887594,58.077857224539386,63.77613305673715,62.36638016706917,49.7922439123857,68.43556991416844,37.43021271138476,26.93518753331709,83.69368052609599
drop E+F,1,23105,4,1,23.9,74.18144317859758,60.71140024364997,66.55080038261076,65.01130993202568,52.72480832447559,70.72238699524506,44.810448760417835,31.21746148969217,79.36172279915654
drop E+F,2,23105,4,1,27.3,72.78548038253078,59.71474649718812,64.3274766642592,63.25448433380227,51.12523817019742,69.9029388307548,38.97240585441932,30.88433361090478,71.60088764315476
entry: marks,0,22209,4,1,23.9,70.42788702642702,56.69754551105919,64.43101672295404,64.33635332271848,52.434624329682336,68.92103885579324,43.262352446612226,32.709361671970996,87.59865024174438
entry: marks,1,22209,7,4,41.9,69.20015930823082,55.3849085499062,63.29345101517259,65.31074226061895,53.94062205900967,68.70516487889505,42.92181549520042,35.640612153741856,69.46423288219522
entry: marks,2,22209,4,1,24.4,69.32243318668034,56.18340839408186,64.6088700054925,61.8405591500758,49.34703567427108,67.80454592113408,43.03057473344994,32.9381679251146,88.7072038309678
target: log1p,0,23489,4,1,23.7,79.78482961085774,58.25779950057927,54.130029408239785,65.15411640971955,47.58140404969611,57.07447674113637,52.08796666087371,32.91800379625703,47.78778221507518
target: log1p,1,23489,4,1,24.1,77.21464977546354,56.44197567434491,54.17229880003186,65.58708195323327,48.33357065953877,58.148535360876934,56.186703744449034,35.21386208368503,48.98792732633097
target: log1p,2,23489,7,4,41.8,81.34796514498171,60.80463578878196,53.44986051291007,61.861824718318346,45.338602365366114,54.509840724866265,48.11856252613442,30.62872083217416,46.643243140601356
phase: daily only,0,23361,5,2,30.7,70.46714164943488,56.1218265478593,66.28162485433563,62.26431306599369,49.84324336133671,68.74101319783554,36.272344059722265,27.9281457046114,80.65300727167552
phase: daily only,1,23361,7,4,42.3,71.58618694163114,57.611429867217964,65.87067410279282,61.62214623095072,49.81366051525295,68.86158459681694,37.46616602926135,29.105817173809967,77.4199249969138
phase: daily only,2,23361,7,4,44.2,72.496128197738,58.635701470783,67.56163803815825,61.963407349710344,50.442071972416244,67.83937732843357,40.03175607055914,27.774283307854592,71.92320854935018
phase: none,0,23233,4,1,24.4,71.02481933940233,55.880153228034985,68.97942984508413,65.73412378981364,51.64337397907604,76.01606860818417,39.074685363702066,27.961689202659695,82.20389045585844
phase: none,1,23233,9,6,56.0,74.1220447468979,59.066597612433185,69.85267604051154,65.83147544982192,52.59078357111073,72.07859908385471,40.99340368062845,31.461507749440855,86.04963828291625
phase: none,2,23233,4,1,23.7,71.58007435520187,57.311102323414175,66.18053207730878,66.09776584398429,53.55378074084804,70.3396927285717,40.90614771899446,30.295622365186563,83.64082873595576
d_model 16,0,6625,4,1,24.3,71.27883733273097,57.56041629191859,64.1393266232914,64.19584783843452,51.129342290299974,69.48933893769117,41.438041213191305,29.160934631504226,93.76617179328626
d_model 16,1,6625,7,4,41.9,72.53482187082386,58.16730894637985,66.36444528297108,61.7688069066496,49.47665202661239,67.7764573111442,40.819292674159605,30.11166745599872,83.54684702598138
d_model 16,2,6625,5,2,29.3,71.40196889981034,57.95203707736142,64.13960478639632,61.94950715185268,50.104230151378566,67.76184479635363,40.11646554560277,29.47288125927583,100.22993681641945
d_model 64,0,87937,5,2,36.7,70.89187258233109,56.97924197720879,65.19239105466022,60.537429727427245,48.03527664434098,68.6285217055211,39.661471610777895,32.254157792825154,89.92740490328211
d_model 64,1,87937,4,1,29.3,73.1050740974378,59.56535004148986,66.6482448417854,62.37350080003051,50.39341289085919,67.46545964202659,31.50875648194365,23.007163701640867,74.24122758712241
d_model 64,2,87937,5,2,36.7,71.05424782546636,57.528575634730714,65.26155115533994,59.696205158757614,47.319267388655675,69.53714322466973,49.96086251416906,40.02745748672548,79.79845785337366
kernel 13,0,23489,4,1,23.8,69.10880128148031,53.86908699089869,69.01270682057857,65.83845146246713,50.82655678726463,74.33261909116483,78.27516619398234,54.830425017728146,137.0811954598896
kernel 13,1,23489,5,2,29.5,71.08427677059508,56.107288769913055,70.96892640876024,65.39469784040378,51.52155555982269,72.53315002851858,68.62291044443522,50.344635850567165,143.90124458975916
kernel 13,2,23489,4,1,23.9,71.99827394512715,58.01981527770467,65.71884058409672,64.17979298983319,51.52811321563156,69.64264727287545,55.6502436921303,38.568939568594324,111.8901634286368
kernel 49,0,23489,4,1,23.8,71.43208111838025,57.87803290643658,64.99722060299112,64.50237737694637,52.594891460803034,69.0417525535989,48.20018954234849,35.61475770057591,90.20574280108248
kernel 49,1,23489,4,1,23.8,71.04435541214721,57.24395033077842,65.76597532822545,65.51498657238275,52.419869376054535,68.61850791460303,36.0888106817719,27.487118948336448,84.9184063761452
kernel 49,2,23489,6,3,36.7,72.9855259161234,60.19920780008104,65.32475446903116,62.62984147567479,50.87293272464746,68.12635944311282,39.92746876078961,31.859943032915886,70.29803011533822
seq_len 96,0,23489,8,5,48.7,73.53645083452034,59.12882971016519,68.80593754722038,63.58743536132107,50.71742606211898,72.3615483228038,35.73690410395268,27.595688258645957,68.45085197316551
seq_len 96,1,23489,4,1,23.7,75.05226826579,60.548666380034184,68.44194160927879,68.4443468638014,55.863059127161605,72.83410383881527,39.30967527393292,30.35681709593447,69.85571516899478
seq_len 96,2,23489,6,3,35.9,72.43898437044719,58.81269211352832,66.34685147290438,65.28422781674621,52.54445177493424,74.28824598150919,38.17264784481579,30.10075769492574,91.13462748874403
seq_len 336,0,23489,10,7,63.5,71.8617242278479,59.17659970338764,64.71314642463247,60.36513422186531,49.23218989065229,67.43629541559031,51.205157966105766,42.94896323524389,77.36512324674926
seq_len 336,1,23489,8,5,49.4,68.84660106248198,55.63735472206761,63.023326248941274,59.91855114987531,48.4697008699977,66.7806425386081,51.77123395811076,43.40757440893863,80.09936325670401
seq_len 336,2,23489,5,2,31.1,69.91453023963348,56.940091907045975,64.13165617025493,58.711114652814786,47.23963555318499,65.87088091321641,49.153801393229784,41.97729737917174,78.10898664194893
factor 3,0,23489,10,8,91.4,70.67128958561909,56.74630909021336,65.19659157408772,58.67340187287616,46.83086543711181,68.58336934267102,33.962484070213485,26.19794316374246,68.01916134275943
factor 3,1,23489,7,4,64.8,70.3186024969094,56.971316258094085,64.46504765884238,60.333370499132464,48.77930385535146,68.422191246069,34.96277067576819,26.022787956016536,72.9804126967907
factor 3,2,23489,5,2,46.9,71.80587784492758,58.77308680814971,65.73012275811422,60.91609643533215,49.22901772579671,67.58280772697513,34.924683891582234,26.53133795867268,63.61363688644248
lr 1e-3,0,23489,5,2,30.4,71.48379709753279,57.43953400461824,67.55661340277607,59.00613105604415,46.7125471650154,70.82585376403254,35.09314569733198,27.35553894459619,70.09037006793635
lr 1e-3,1,23489,5,2,30.6,73.34372299602947,59.95796963270163,66.89340818830404,62.20320391693171,50.37480803612793,71.40037069346977,29.348390373672565,21.376344629441533,61.223979109928685
lr 1e-3,2,23489,7,4,41.4,70.94361293435443,57.752113889796675,65.80152353498642,60.746114106077535,48.58360719623729,71.42983944999942,32.31687411906131,24.36123041059352,67.68845017576535
anchor,0,23681,5,2,45.9,71.68924004455234,58.49175198430842,63.854568817754156,61.17687790798423,49.69532637942831,69.48774562087397,35.10734062220589,25.31851794702366,56.330276722643745
anchor,1,23681,9,6,74.9,70.69069888779619,57.60408294705845,63.85072739892726,59.43656994976367,47.56392015051431,68.86153773738367,41.4419828117627,32.300334611751474,67.8143490854677
anchor,2,23681,8,5,75.5,69.57129847049022,56.052413883272195,63.92172452049671,61.32642751345062,49.91083214429448,67.28673525137182,48.833469385343676,39.64121707929878,74.55269846955085
anchor,3,23681,4,1,38.7,74.43780133006011,61.02403147248108,64.91611296028464,63.39881286415382,51.566459090878446,68.9541383480503,39.710037217258666,29.19353578587506,66.45103365431856
anchor,4,23681,7,4,59.3,73.6958175967669,60.57638302585435,66.03964302872615,61.978443538998555,50.28549147221516,68.77401191739976,36.50369267396295,27.475574765867094,78.11902424391128
"anchor, d_model 16",0,6721,4,1,28.9,71.7370273408943,57.52237042408737,65.80990526078261,64.89539166366235,51.67947276070869,69.02449258622524,44.257791926420374,30.7335551057626,103.6035757545451
"anchor, d_model 16",1,6721,6,3,43.3,71.78452790139079,58.18824379272336,66.95183628401756,62.21444291057458,49.20793422589384,70.15254236026652,43.811534797601276,31.17198643218969,85.43206519662088
"anchor, d_model 16",2,6721,4,1,28.8,70.29610828963611,56.840527614909035,63.23648122771381,64.85761565438278,52.23357651809772,69.67116606549821,39.31834967424439,27.23386940059291,84.65713786105647
"anchor, d_model 16",3,6721,4,1,29.0,74.60914296155345,61.065687479165106,65.80928378937064,66.95527519101786,54.71182257621072,69.8989400794329,41.73005324101851,28.780627517683804,102.9284817299247
"anchor, d_model 16",4,6721,7,4,51.2,71.15293627249584,56.959238222995666,65.18766592954742,61.62629305083234,49.21445998276454,70.57134014874016,39.98505630696602,28.225617920956676,75.75595496494284
"anchor, exog: past only",0,23681,4,1,33.3,89.26120884041796,73.76095736365342,71.30553053453737,85.2768407440279,71.68426672341526,80.28909315066778,64.94667293574761,55.93034166085739,91.70118388322577
"anchor, exog: past only",1,23681,4,1,23.6,90.80160484375423,75.78731040683998,73.29828182998712,84.21705105870605,70.78967674939238,79.75492953358678,83.04547540187848,73.88391644269224,100.58458727938219
"anchor, exog: past only",2,23681,4,1,23.6,90.7494827109213,75.44347230826803,71.65597145663767,84.01907562814587,70.48651673496938,79.61062777231035,65.99285593809047,56.29489223578437,91.77010500084535
"anchor, exog: past only",3,23681,4,1,23.7,93.01411158829566,77.94630730017431,73.63306262938437,85.59526780104807,72.41410289336991,80.61384333875841,70.2811920116397,60.13014808375428,94.0217799208524
"anchor, exog: past only",4,23681,4,1,23.6,90.72126546537666,75.88473128122999,72.24416418299714,86.44142442576637,73.23851316356055,80.53690251371377,67.85019967552694,58.70345210419249,95.1190393046621
"anchor, exog: none",0,21761,4,1,23.5,90.18761626728165,74.97660838165184,71.25474043980374,87.28428017621887,73.9340089205405,80.53144210683132,72.07747965172629,62.48214007696368,95.91203437151088
"anchor, exog: none",1,21761,4,1,23.9,93.30545710857518,78.30176893563957,73.17957017082873,93.34989513960737,80.55521666542421,84.13769562516089,73.90347574716046,62.43398167554282,97.52221406370563
"anchor, exog: none",2,21761,4,1,33.6,90.69302632173972,76.43518098766022,71.7321989881184,90.88916802978098,78.16018489226585,82.4700454043305,71.04289832748891,60.06580336969927,95.87130510018376
"anchor, exog: none",3,21761,4,1,25.7,89.70022877202781,75.23731524090837,71.25972133114476,89.954214162926,77.13685599831359,82.06900290823704,66.78359438468297,56.04793490578122,94.09475887482698
"anchor, exog: none",4,21761,4,1,25.3,87.17920271138077,72.17952662861661,70.59241844272886,86.6221302516924,73.30595567958888,81.2378116952298,70.59106956718021,52.67233245079627,89.98936439728075
trend init last,0,23489,6,3,35.5,88.63395881414603,74.00419634138046,84.12586684683643,82.68739849536553,70.17714449657211,89.8639809133369,135.20805363810823,130.12367227387026,121.1117478718791
trend init last,1,23489,4,1,23.5,88.75866340408014,73.57110267101055,84.56395216652193,84.49209756286474,71.24840735126442,92.86262589697274,109.40803964454828,104.35855241358438,113.02489553520336
trend init last,2,23489,4,1,23.6,90.3629780756025,75.96268889660682,85.10018444085843,85.69225851627904,72.15918067256816,94.41051682697385,107.40807686348045,101.2309215228746,111.14744549857494
"trend init last, d_model 16",0,6625,7,4,41.4,92.06709584071028,77.48370180039018,83.37184253154686,88.04902745901755,74.4975227832808,89.53250268020398,108.09579933631655,100.40225457457174,111.27464841514258
"trend init last, d_model 16",1,6625,7,4,41.4,89.74410709739361,74.71260417783171,83.2454051650365,84.64272824153784,71.63031019769673,86.90080899175153,130.39354101349906,124.25272477247047,119.41354901875445
"trend init last, d_model 16",2,6625,7,4,41.4,90.9718709309227,75.58561246573377,86.36455699989119,85.82609078599214,71.75436913165088,92.89505618160229,128.90865022594951,122.94162543846002,118.72002508904819
"trend init last, exog: past only",0,23489,4,1,23.7,95.9767430953336,79.40974435573757,81.87524310356191,92.78671373892082,76.89903099183178,84.66505723259651,132.60924833517444,121.5292406730704,114.29890383669783
"trend init last, exog: past only",1,23489,6,3,35.2,96.19407105711133,80.04049764564107,82.04575834690384,92.20262856004149,77.17266280502264,82.61399664194182,132.9385890659194,122.8432187511892,115.3637456412544
"trend init last, exog: past only",2,23489,6,3,35.6,96.23434109725817,79.71516611112224,83.84851533782857,91.3762279977511,75.8920888011505,83.28832637493575,126.22105205293262,114.06294715072339,112.14851503142782
"trend init last, exog: none",0,21569,6,3,35.2,100.8909365193014,84.23925346083446,79.51285003993723,95.55926093983813,80.25039403448545,83.80127394025907,104.34494348415518,92.83509404561325,106.00219835438874
"trend init last, exog: none",1,21569,10,10,58.8,99.77359497464528,82.88625428336987,75.928765790307,94.15723245666433,79.04775611352542,82.31131844829802,89.46016188456649,79.49717204890057,101.5409851922425
"trend init last, exog: none",2,21569,7,4,40.8,100.81062116591329,84.07920085949885,78.21110545684891,95.41057061045083,80.4401057346285,82.98617075507222,101.91253004332671,90.16184059836178,105.06451828819823
d_model 16,3,6625,6,3,35.1,72.61135239925068,58.84030166950974,66.104107771338,62.37233774034683,50.35284451462911,68.63501779747232,36.194667535795226,28.13758234665145,66.4499025983759
d_model 16,4,6625,7,4,40.3,70.0024680510734,56.840347839370104,64.12679113897231,60.39021098295986,47.81178197119597,67.09837786875829,38.940003990329835,31.322893554861302,64.39691140392809
trend init decay,0,23490,4,1,23.7,71.16675693753541,57.60746770736323,65.13452071227826,60.86156262182054,48.895797558532024,66.81292489792288,33.43537159958063,24.0526841637085,76.31931003956703
trend init decay,1,23490,8,5,47.9,70.22188673161753,57.02763375080875,63.78290383692374,60.80368645162586,49.13920275889437,68.24723159294969,31.645733091843613,23.228071238297108,62.01402770704658
trend init decay,2,23490,7,4,41.6,67.37522187683221,54.38412416315206,62.809378573424716,59.21283670189548,47.46556277011962,67.16365211422679,43.031879723004074,35.439987729351344,67.5039905994333
trend init decay,3,23490,8,5,47.7,68.85470410787951,54.87700818244064,64.23230583868154,59.74716234952378,47.74018626219018,69.3352829335329,53.444017130994716,45.42294957653537,78.12829291677029
trend init decay,4,23490,4,1,23.7,68.6530719200812,55.29260830194458,62.62425730730039,61.04460200407439,49.61467064720045,66.0252250603189,44.32932797606977,38.141461562490676,75.8463578766747
trend init learned,0,23657,5,2,29.2,70.47081584664691,56.7387481454093,64.69895495192412,58.84345000275825,46.7141498936571,67.95875329500574,33.17517884208128,23.505774684120567,73.07567857146697
trend init learned,1,23657,7,4,40.9,70.12051182837811,56.47534842682198,64.37871254868489,61.69411264757809,49.62464793942033,69.02789537736382,34.014280002529915,26.32849741674401,65.65204988565483
trend init learned,2,23657,5,2,29.3,67.24455448630476,54.10537519290546,62.836299170584034,59.15185467030397,47.3980787450008,66.59300416549839,51.95630616303952,42.69432234586707,73.05984386944847
trend init learned,3,23657,9,6,52.6,70.15604572108107,56.73519280607105,63.74308599447626,59.63450908451191,47.47972739710155,68.48792091432986,56.94650310337071,49.59121343378194,82.21853968767202
trend init learned,4,23657,4,1,23.4,68.176032928596,54.57214379411429,63.93851823750245,60.093337317300985,48.22382247331891,66.10240020510163,35.677796918573044,27.164751854308893,59.25556038919716
"trend init decay, d_model 16",0,6626,4,1,23.8,70.0048435529995,56.32826925140672,64.13564081549991,63.71096216360366,50.93815850828271,68.45604006647892,34.1576665062949,23.490029876297655,83.25721873067009
"trend init decay, d_model 16",1,6626,4,1,23.8,71.49489572396854,57.41972044843279,65.87269649656187,63.63602668533118,50.87392401219133,67.53900241596031,35.05099944978947,25.504846846686654,85.12263700120884
"trend init decay, d_model 16",2,6626,4,1,23.7,71.22679950554641,57.528217314182335,64.83013776557128,64.42988089547904,52.08123565907923,69.72756756526489,38.489019940652504,30.039318393494423,89.50188445345316
"trend init decay, d_model 16",3,6626,6,3,35.8,71.67185051301593,57.6733514905853,66.29153478713222,62.78858602360167,50.5814868122163,68.43649655109647,35.74001685591323,28.468393163704604,68.94721267580984
"trend init decay, d_model 16",4,6626,4,1,23.9,69.11145356506084,54.86455094668897,64.90690496960833,59.84575167907333,46.39999036185594,67.45526930995318,33.700918828851194,25.58470855616668,57.82302229457761
"trend init learned, d_model 16",0,6793,4,1,23.5,70.2719723560703,56.70033916931765,64.26907575056033,63.975609018883965,51.46786071281429,68.17223180385189,33.109265542409105,22.872041878841443,82.26936471698258
"trend init learned, d_model 16",1,6793,4,1,23.4,71.14299178884534,57.07742129562446,65.32776835773166,64.20322688404163,51.433898610916685,67.04705199135971,35.932850964485,25.078445370694745,83.26424537973536
"trend init learned, d_model 16",2,6793,4,1,23.6,71.89792232883772,58.38628632958476,65.08983733875134,65.57053451155292,53.216608030226446,70.46096078569295,37.04328222229335,28.977475690708378,92.57397278597502
"trend init learned, d_model 16",3,6793,6,3,35.4,71.18741034565471,57.58766963870227,65.24257537505608,61.84856008135589,49.917892851938745,67.68998596054558,34.76810487349531,27.42751611186851,64.35882621351588
"trend init learned, d_model 16",4,6793,8,5,47.2,70.00424780760252,56.357652929563876,64.60454934451622,59.29845312159812,46.84531660167427,67.27144509389164,37.97881843680221,31.168454604550693,65.01204862544351
