config,seeds,P,E mean,val RMSE mean,val RMSE std,val MAE mean,val MAE std,val sMAPE mean,val sMAPE std,test RMSE mean,test RMSE std,test MAE mean,test MAE std,test sMAPE mean,test sMAPE std,last block RMSE mean,last block RMSE std,last block MAE mean,last block MAE std,last block sMAPE mean,last block sMAPE std
base,5,23489,5.4,70.3576163716182,1.5967157193997064,56.90127634554035,1.6022947751961973,64.2108557535218,1.236590407510724,61.586130363304946,1.4738542499503038,49.95629336894045,1.4532834698023136,68.46596699825545,2.13123567498239,39.62207743471065,3.4331896019536408,31.130868756108903,3.734849314687681,70.31698951433916,2.143055236763153
exog: past only,5,23489,4.2,91.7004171521332,2.2549344751346823,76.65991717963297,2.391345924270575,72.81282005605915,1.2192549355966538,85.7818485761318,2.053226816713828,72.53153120213535,2.2136406079904303,80.61046234546386,0.8934854517553324,71.0120089752332,3.7269294080064777,61.26426986060712,3.7755765651128006,95.36802152926322,2.3589293517104735
exog: none,5,21569,4.6,89.12658680725025,1.5595420400639992,74.35853691999013,1.5985554672502875,71.03799220030086,0.810760213943869,88.3811330597576,2.268277992961971,75.4305536707976,2.4050626502043415,81.48042684933917,0.9844362410240962,67.02687722874381,3.352217858581751,55.648433374770306,3.0804421126951773,92.70900282831175,3.3056135872579895
drop A,3,23297,6.666666666666667,76.80852789175982,3.687394368917342,62.905477333923365,3.4217151742859944,69.16138985662899,2.410094557107599,68.60534918133976,2.358254244737147,54.64033696436605,3.0796592859411813,74.67935516379863,0.9618293273937882,47.08849160947491,3.732706590022648,36.31149816337458,2.7804035707042845,100.37266084049725,11.779779049301554
drop B,3,23297,5.0,71.40953845141097,2.287476298672797,58.078395466651074,2.5637982833560717,64.66518060406202,1.121738211921905,62.46650959899129,3.793687013359521,50.44451909011667,4.0783775271223535,68.17920732558463,2.27185894569633,39.4889093420887,2.5471619419093923,31.663233762843404,2.7198047378925163,80.61348084708494,11.269317230725319
drop C,3,23297,7.0,70.6330913548881,3.2967554000090713,57.15622420303318,3.8008415245771574,65.70186659108184,0.506059127336609,59.511635569449595,2.256209469501558,47.5168504871126,2.727291121711102,68.8238354145305,0.09164437258013354,42.82919953753518,2.1340318861836076,34.5651620270395,2.3102649477469863,77.03267110590383,12.674030567220054
drop D+GHIJ,3,22529,5.333333333333333,74.88636904683496,4.459405632686677,60.93820039727884,4.067769019097309,68.06642307869022,1.7247475892830995,66.02092723278197,8.149875106570454,54.71041174327713,8.428612231498402,70.26207244691612,4.161412806580964,41.984450668559866,4.482120239769648,34.68585172988846,3.6185755804069286,68.96450231382046,4.496420319842793
drop E+F,3,23105,4.0,72.9303492366681,1.1853178859049764,59.501334655125824,1.3296787841903144,64.88480336786904,1.46889566792033,63.544058144299036,1.3460323581483642,51.214096802352906,1.4683001737197459,69.68696524672276,1.1586054256414005,40.4043557754073,3.8929206859406915,29.67899421130468,2.3820369141835966,78.21876365613576,6.126881476688578
entry: marks,3,22209,5.0,69.65015984044607,0.6763005302364884,56.088620818349085,0.6614321290436466,64.11111258120638,0.7136776407833186,63.82921824447107,1.7898134528119105,51.90742735432102,2.3417325758157164,68.47691655194079,0.5922095003915601,43.071580891754195,0.17393240808821983,33.76271391694248,1.6303264753416864,81.92336231830247,10.80414978118596
target: log1p,3,23489,5.0,79.449148177101,2.0870039541650396,58.50147032123538,2.19151372803238,53.917396240393906,0.40544903221736384,64.20100769375705,2.037326074761779,47.08452569153366,1.558083710165318,56.577617608959855,1.8695390906460376,52.131077643819054,4.034243373583787,32.92019557070541,2.2925714115340208,47.806317560669164,1.1724519828034945
phase: daily only,3,23361,6.333333333333333,71.51648559626801,1.0162875141699939,57.456319295286754,1.2640950317004562,66.57131233176223,0.8819177306359041,61.94995554888492,0.3212946843885872,50.032991949668634,0.3545823387508065,68.48065837436202,0.5586281414889411,37.92342205318092,1.9209651143017108,28.269415395425323,0.728419082978809,76.6653802726465,4.4135416321552965
phase: none,3,23233,5.666666666666667,72.24231281383403,1.6513997512043057,57.41928438796078,1.5959744587658289,68.33754598763481,1.9183773055533444,65.88778836120662,0.18824782570279147,52.59597943034493,0.9552139794679173,72.81145347353686,2.9082842792648096,40.32474558777499,1.0834626544404298,29.90627310576237,1.7820990711683145,83.96478582491015,1.943233190829863
d_model 16,5,6625,5.8,71.56588971073785,1.070674804714755,57.87208236490794,0.7403735517450111,64.97485512059382,1.1533793690817438,62.135342124048705,1.3707859172062629,49.774970190823204,1.246973972499168,68.15220734228392,0.9253586333840509,39.50169419181575,2.0685363515888184,29.641191849658306,1.179966621286442,81.67795392759822,16.00251401873284
d_model 64,3,87937,4.666666666666667,71.68373150174507,1.2335933327655768,58.024389217809784,1.3624837840903576,65.70072901726185,0.8213010764472466,60.86904522873846,1.3691072340131467,48.582652307951946,1.6085110288756752,68.54370819073914,1.0384426878097501,40.37703020229687,9.246841208193466,31.762926327063834,8.520773521069728,81.32236344792607,7.953348722037269
kernel 13,3,23489,4.333333333333333,70.73045066573418,1.476874318569918,55.998730346172145,2.0774924852443304,68.56682460447851,2.6532920126814004,65.13764743090137,0.8586868852958635,51.292075187572955,0.40316409374055817,72.16947213085295,2.366042079935399,67.5161067768493,11.35299697536465,47.91466681229654,8.398662953013003,130.95753449276185,16.861249864889427
kernel 49,3,23489,4.666666666666667,71.82065414888362,1.0272669961615217,58.440397012432015,1.5558202718345273,65.36265013341591,0.3857758648838747,64.21573514166796,1.4637753876700357,51.96256452050168,0.9476978793053101,68.59553997043825,0.4581285644071036,41.405489661636665,6.189489786211053,31.65393989394275,4.0677335079471755,81.80739309752197,10.31203465904587
seq_len 96,3,23489,6.0,73.67590115691918,1.3122111010532533,59.49672940124257,0.9246157583092356,67.86491020980118,1.3272151322265093,65.77200334728956,2.4649221208547476,53.04164565473828,2.6085985175187343,73.16129938104275,1.0041581843292218,37.73974240756713,1.825302384937927,29.351087683168725,1.525602162728666,76.48039821030143,12.710359434674608
seq_len 336,3,23489,7.666666666666667,70.2076185099878,1.5287797343783702,57.251348777500404,1.7900347451945064,63.9560429479429,0.8584888231254784,59.66493334151847,0.8556790743247847,48.31384210461166,1.0053791140662782,66.69593962247161,0.7861371248466468,50.710064439148766,1.3771624843317851,42.77794500778475,0.7303139879956759,78.5244910484674,1.413683147627692
factor 3,3,23489,7.333333333333333,70.93192330915203,0.7771386257210637,57.49690405215239,1.1109180331726203,65.1305873303481,0.6351150855106046,59.97428960244692,1.1636683560580234,48.279729006086654,1.2747411001629356,68.19612277190505,0.5372253744557343,34.6166462125213,0.5668410113109078,26.250689692810557,0.25834555066217035,68.20440364199753,4.686134686754252
lr 1e-3,3,23489,5.666666666666667,71.92371100930556,1.2590771479011338,58.38320584237218,1.3727116567779694,66.75051504202217,0.8862273689326089,60.65181635968446,1.6006210570235127,48.55698746579353,1.8312755471411566,71.21868796916725,0.34052332731504015,32.25280339668862,2.8729135429520527,24.364371328210414,2.9895983950385463,66.33426645121013,4.58569322185291
anchor,5,23681,6.6,72.01697126593315,2.0326500435872754,58.749732662594894,2.0714537482532878,64.51655534523778,0.9636933000254765,61.46342635487018,1.4335261788810285,49.80440584746614,1.4473489607045116,68.6728337750159,0.8231538280430502,40.31930454210678,5.38159079591632,30.785836037963215,5.569925856937109,68.65347643517842,8.393651708244176
"anchor, d_model 16",5,6721,5.0,71.9159485531941,1.6208524400056645,58.1152135067761,1.733724025381387,65.39903449828641,1.366530823837703,64.10980369409398,2.181358340609406,51.4094532127351,2.308809992214129,69.8636962480326,0.5759263736778047,41.82055718925012,2.2103394480649023,29.229131275437133,1.6753538315768943,90.475443101418,12.281873896128689
"anchor, exog: past only",5,23681,4.0,90.90953468975316,1.3434035893857519,75.76455573203314,1.4910148246854744,72.42740212670874,1.0123396166007441,85.10993193153885,1.0029313844707728,71.7226152529415,1.1375286853018982,80.16107926180742,0.45568092614655686,70.42327919257664,7.341366194728194,60.98855010545615,7.413920972473082,94.63933907779355,3.6339622980349926
"anchor, exog: none",5,21761,4.0,90.21310623620103,2.194380370176611,75.42608003489532,2.239734209737445,71.6037298745249,0.9698792796205741,89.61993755204512,2.7421439810168797,76.6184444312266,3.0134144075617626,82.08919954795792,1.3686907220083009,70.87970353564776,2.620396835205476,58.740438495756656,4.285751700336487,94.6779353615016,2.8878991298461476
trend init last,3,23489,4.666666666666667,89.25186676460955,0.9642686698996285,74.5126626363326,1.2742937841966557,84.59666781807226,0.48798199648908364,84.29058485816977,1.5125314753538903,71.1949108401349,0.9921004275105093,92.37904121242782,2.3115228343761665,117.34139004871231,15.505264062372433,111.90438207010975,15.855674706355549,115.0946963018858,5.2947980940710275
"trend init last, d_model 16",3,6625,7.0,90.92769128967552,1.1621243719669327,75.92730614798522,1.4167961878143298,84.32726823215819,1.7654760673146526,86.17261549551584,1.7293866312897201,72.62740070420948,1.62076065405908,89.7761226178526,3.0045403722987922,122.46599685858837,12.46708297014854,115.86553492850074,13.407629352128792,116.4694075076484,4.512137562414054
"trend init last, exog: past only",3,23489,5.333333333333333,96.13505174990104,0.13856998815244603,79.72180270416696,0.31542901175455285,82.58983892943144,1.0933748615386307,92.12185676557114,0.7087034419256344,76.65459419933497,0.6743733787694122,83.52246008315802,1.045383341950991,130.58962981800883,3.7868813153266974,119.47846885832767,4.735772494703902,113.93705483646,1.6378730087590077
"trend init last, exog: none",3,21569,7.666666666666667,100.49171755328666,0.6232075637084125,83.73490286790106,0.7392952886490457,77.88424042903104,1.8142617057413948,95.04235466898443,0.7701351839580814,79.91275196087979,0.7550900570448675,83.03292104787643,0.7460770968299302,98.57254513734945,7.984723238533722,87.49803556429185,7.056694250302343,104.20256727827649,2.3521958628387085
trend init decay,5,23490,6.2,69.25432831478918,1.4701872577303883,55.837768421141845,1.403652065774746,63.71667325372173,1.0364737219835485,60.333970025788005,0.8070422008046393,48.57108399938733,0.9259912458996292,67.51686331979023,1.292803142469618,41.17726590429856,8.86898131916531,33.2570308540766,9.5122627617921,71.96239582789838,6.9089354281958535
trend init learned,5,23657,6.0,69.23359216220138,1.4355288151595904,55.72536167306441,1.280962417731382,63.919114180634345,0.7112019885756539,59.88345274449064,1.1181854954971198,47.88808528969974,1.1083045823741255,67.63399479145988,1.2456986205168155,42.354013005918894,11.219612354483315,33.856911946964495,11.557207064376541,70.65233448068788,8.665089535791745
"trend init decay, d_model 16",5,6626,4.4,70.70196857211825,1.1023353886249934,56.762821890259225,1.1872950975747005,65.20738296687473,0.8659185108792924,62.88224148941778,1.794380082591049,50.17495907072511,2.1863536630505034,68.32287518175076,0.9180141415202793,35.42772431630026,1.8845346366718425,26.617459367270005,2.60865727884741,76.9303950311439,13.172004083745263
"trend init learned, d_model 16",5,6793,5.2,70.90090892540212,0.7639183974133548,57.221873872558604,0.7952052792494183,64.90676123332312,0.4531858883592929,62.97927672348651,2.451139096195862,50.57631536151409,2.3903618693923137,68.12833512706835,1.372830390272517,35.766464407897,1.911144038087337,27.10478673133275,3.246024609871894,77.49569154433047,12.367672632306649
