model seed,model,population,parameters,fit seconds,MSE,RMSE (m/s²),MAE (m/s²)
1,Period-routed ridge,established,59904,0.0032925510004133685,0.027533201172875804,0.16593131462408114,0.12829841276356285
1,Period-routed ridge,held-out,59904,0.0032925510004133685,0.02981084143858894,0.17265816354458582,0.13186017064084576
1,Raw Attention,established,368368,45.003163076999044,0.20462520673016465,0.45235517763165334,0.3309858550428997
1,Raw Attention,held-out,368368,45.003163076999044,0.4683803207894128,0.6843831681079049,0.5207309346442516
1,Attention + decomposition,established,373024,59.70065015600085,0.06877048214065744,0.26224126704364714,0.20101444271390703
1,Attention + decomposition,held-out,373024,59.70065015600085,0.14491605111926542,0.3806784090531868,0.2924501292671277
1,Raw delay mixer,established,368370,100.4236799320006,0.04314606087709776,0.20771629901646563,0.15887847087366802
1,Raw delay mixer,held-out,368370,100.4236799320006,0.09755291641457492,0.31233462250377386,0.2303476758745497
1,Autoformer-inspired,established,373026,100.22710789099983,0.03141079032820082,0.1772308955238923,0.13775791427235162
1,Autoformer-inspired,held-out,373026,100.22710789099983,0.046273798923281165,0.21511345593263376,0.16304209213991647
2,Period-routed ridge,established,59904,0.0032556170008319896,0.027533201172875804,0.16593131462408114,0.12829841276356285
2,Period-routed ridge,held-out,59904,0.0032556170008319896,0.02981084143858894,0.17265816354458582,0.13186017064084576
2,Raw Attention,established,368368,91.93764459999875,0.1901289524020101,0.4360377878143248,0.31867400753464836
2,Raw Attention,held-out,368368,91.93764459999875,0.39241190468135156,0.6264278926431609,0.47631934206670157
2,Attention + decomposition,established,373024,107.14125433400113,0.05617749373974859,0.23701791860479365,0.1829716054253351
2,Attention + decomposition,held-out,373024,107.14125433400113,0.1457812745717314,0.3818131409102251,0.2892661068527044
2,Raw delay mixer,established,368370,123.24513883700092,0.03608683848380816,0.18996536127359684,0.14639252594681154
2,Raw delay mixer,held-out,368370,123.24513883700092,0.07989176961177594,0.2826513216168924,0.21177117270955692
2,Autoformer-inspired,established,373026,140.15420361900033,0.037961463694835204,0.19483701828665723,0.1510671815440121
2,Autoformer-inspired,held-out,373026,140.15420361900033,0.0663076428834102,0.2575027046137772,0.19626327270342295
